year,Afghanistan,Brazil,China
1999,0.3727409583925529,2.1939304779901105,1.6674951166741914
2000,1.2944663263958485,4.612363373319183,1.6694878795907042
